{"cameraMode":{"drawMode":0,"name":"Shaded","section":"Shading Mode"},"sceneLighting":true,"audioPlay":false,"sceneViewState":{"m_AlwaysRefresh":false,"showFog":true,"showSkybox":true,"showFlares":true,"showImageEffects":true,"showParticleSystems":true,"showVisualEffectGraphs":true,"m_FxEnabled":true},"in2DMode":false,"pivot":{"x":-7.62576150894165,"y":3.6838674545288088,"z":-7.549774169921875},"rotation":{"x":0.20698724687099458,"y":-0.007336970418691635,"z":0.0015519193839281798,"w":0.9783161282539368},"size":5.934255123138428,"orthographic":false}